Date,return,label,ticker
29-01-2018,-0.038507133638629676,1,ACET
30-01-2018,-0.030191006836974288,0,ACET
31-01-2018,0.030495558187012772,0,ACET
01-02-2018,0.03267570067427483,0,ACET
02-02-2018,0.017313422424706904,1,ACET
05-02-2018,-0.005868519076173029,1,ACET
06-02-2018,-0.05076744965005009,0,ACET
07-02-2018,0.008706497674037639,0,ACET
08-02-2018,0.017262630514957245,0,ACET
09-02-2018,0.030303030303030276,0,ACET
12-02-2018,0.06470585670791773,0,ACET
13-02-2018,0.008287317103778058,1,ACET
14-02-2018,-0.00876714478733498,0,ACET
15-02-2018,0.007186319844011635,0,ACET
16-02-2018,0.029637810738256,0,ACET
20-02-2018,0.03944557102401203,0,ACET
21-02-2018,0.009743603157909897,1,ACET
22-02-2018,-0.0020314791814345368,0,ACET
23-02-2018,0.061068656562105694,1,ACET
26-02-2018,-0.01199040792457573,1,ACET
27-02-2018,-0.0412621156322065,1,ACET
28-02-2018,-0.012658227848101222,1,ACET
01-03-2018,-0.05794874477735801,1,ACET
02-03-2018,-0.03483937985165786,1,ACET
05-03-2018,-0.005640133307547535,1,ACET
06-03-2018,-0.02439026048870163,1,ACET
07-03-2018,-0.011046526696005143,1,ACET
08-03-2018,-0.04879480619370735,1,ACET
09-03-2018,-0.017305306794142328,0,ACET
12-03-2018,0.0,1,ACET
13-03-2018,-0.028301899726040913,1,ACET
14-03-2018,-0.023948256410013857,1,ACET
15-03-2018,-0.010610033564711352,0,ACET
16-03-2018,0.002010715047526812,0,ACET
19-03-2018,0.00802672074192845,1,ACET
20-03-2018,-0.012607775415615308,1,ACET
21-03-2018,-0.012096794277368317,1,ACET
22-03-2018,-0.10340135307940213,1,ACET
23-03-2018,-0.10622157841799318,1,ACET
26-03-2018,-0.07045837524982201,0,ACET
27-03-2018,0.02648400181194388,1,ACET
28-03-2018,-0.060498247556785345,1,ACET
29-03-2018,-0.0928030408587528,1,ACET
02-04-2018,-0.10542791735042245,0,ACET
03-04-2018,0.032672095843200966,1,ACET
04-04-2018,-0.0067796929535122175,0,ACET
05-04-2018,0.08873718824629329,1,ACET
06-04-2018,-0.11285263173119842,1,ACET
09-04-2018,-0.054181410132395635,0,ACET
10-04-2018,0.16811963585758471,0,ACET
11-04-2018,0.01279312048493475,1,ACET
12-04-2018,-0.033684178402549336,1,ACET
13-04-2018,-0.02287583522930392,1,ACET
16-04-2018,-0.04347825294522689,1,ACET
17-04-2018,-0.019813560009931175,0,ACET
18-04-2018,0.0808561614165817,1,ACET
19-04-2018,-0.03300333574677028,1,ACET
20-04-2018,-0.0022753029810809178,0,ACET
23-04-2018,0.017103750570123033,1,ACET
24-04-2018,-0.04372196672452455,0,ACET
25-04-2018,0.00468937528533564,0,ACET
26-04-2018,0.00700113614259279,0,ACET
27-04-2018,0.03012745736502742,0,ACET
30-04-2018,0.012373460765350952,0,ACET
01-05-2018,0.0733333769298734,0,ACET
02-05-2018,0.05383021653060238,1,ACET
03-05-2018,-0.04223971436986673,1,ACET
04-05-2018,-0.016410296653216583,0,ACET
07-05-2018,0.013555842385544636,1,ACET
08-05-2018,-0.007201614596946793,0,ACET
09-05-2018,0.12435223563273823,0,ACET
10-05-2018,0.03502309109929391,0,ACET
11-05-2018,0.06500445961933576,1,ACET
14-05-2018,-0.049331161282773484,0,ACET
15-05-2018,0.0026386069045112315,1,ACET
16-05-2018,-0.11096495010395291,1,ACET
17-05-2018,-0.0942278890316417,0,ACET
18-05-2018,0.006535919000670409,1,ACET
21-05-2018,-0.0487013220627156,1,ACET
22-05-2018,-0.0045506059621617245,0,ACET
23-05-2018,0.043428568937340595,1,ACET
24-05-2018,-0.010952914483034482,0,ACET
25-05-2018,0.0121816242511672,0,ACET
29-05-2018,0.05032818738737532,0,ACET
30-05-2018,0.01979169481330567,0,ACET
31-05-2018,0.0,0,ACET
01-06-2018,0.012257463625388487,1,ACET
04-06-2018,-0.011099960241804596,0,ACET
05-06-2018,0.011224552326359216,1,ACET
06-06-2018,-0.005045496463280341,1,ACET
07-06-2018,-0.019269693803929844,0,ACET
08-06-2018,0.013443581029599638,0,ACET
11-06-2018,0.03469394950074722,0,ACET
12-06-2018,0.005917133686698994,0,ACET
13-06-2018,0.033333294153437,0,ACET
14-06-2018,0.03036050285755887,0,ACET
15-06-2018,0.10221000546662906,1,ACET
18-06-2018,-0.06182122268262036,1,ACET
19-06-2018,-0.023152266641562114,1,ACET
20-06-2018,-0.01002740282954262,1,ACET
21-06-2018,-0.030386709558009928,1,ACET
22-06-2018,-0.06267810071856661,1,ACET
25-06-2018,-0.025329281991005925,1,ACET
26-06-2018,-0.030145513657455325,1,ACET
27-06-2018,-0.08038579668591517,0,ACET
28-06-2018,0.048951024966449985,0,ACET
29-06-2018,0.016666715107266805,1,ACET
02-07-2018,-0.01311481541392534,1,ACET
03-07-2018,-0.002214829800287532,1,ACET
05-07-2018,-0.012208664364824151,0,ACET
06-07-2018,0.0033707718626700967,1,ACET
09-07-2018,-0.03919368123544198,1,ACET
10-07-2018,-0.0233100481829408,0,ACET
11-07-2018,0.10978517973850788,1,ACET
12-07-2018,-0.01827954922582742,0,ACET
13-07-2018,0.0021906306474723802,1,ACET
16-07-2018,-0.021857946279059348,1,ACET
17-07-2018,-0.03128496171481021,1,ACET
18-07-2018,-0.002306795070297185,0,ACET
19-07-2018,0.008092513371443344,0,ACET
20-07-2018,0.0,0,ACET
23-07-2018,0.0332568602367187,0,ACET
24-07-2018,0.0,0,ACET
25-07-2018,0.4950055711394774,1,ACET
26-07-2018,-0.04231623528505546,0,ACET
27-07-2018,0.12945730251317156,0,ACET
30-07-2018,0.030199057707293253,0,ACET
31-07-2018,0.025316490623730425,1,ACET
01-08-2018,-0.13970112858804795,0,ACET
02-08-2018,0.03172208061853099,1,ACET
03-08-2018,-0.09882874195979385,1,ACET
06-08-2018,-0.03655566430096702,1,ACET
07-08-2018,-0.007588500107107432,0,ACET
08-08-2018,0.014443530164120366,1,ACET
09-08-2018,-0.05108882721840757,1,ACET
10-08-2018,-0.0008826087123821047,0,ACET
13-08-2018,0.004416941993395929,1,ACET
14-08-2018,-0.08355313735978265,1,ACET
15-08-2018,-0.03454900175641329,0,ACET
16-08-2018,0.026838958233343257,0,ACET
17-08-2018,0.027105506163023207,1,ACET
20-08-2018,-0.03487271381386847,0,ACET
21-08-2018,0.0449218918386447,0,ACET
22-08-2018,0.0,1,ACET
23-08-2018,-0.046728971010644216,1,ACET
24-08-2018,-0.019607864089071114,0,ACET
27-08-2018,0.061999947684151735,0,ACET
28-08-2018,0.008474642370830843,0,ACET
29-08-2018,0.01680675090988948,0,ACET
30-08-2018,0.05968772428172042,0,ACET
31-08-2018,0.0251299679372754,0,ACET
04-09-2018,0.12848689413521508,1,ACET
05-09-2018,-0.08838945721326019,1,ACET
06-09-2018,-0.054231748024184845,0,ACET
07-09-2018,0.022589049295244523,0,ACET
10-09-2018,0.0433304978913831,1,ACET
11-09-2018,-0.004885972236139513,0,ACET
12-09-2018,0.046644819044481256,0,ACET
13-09-2018,0.008600516954759385,0,ACET
14-09-2018,0.05891472331152592,0,ACET
17-09-2018,0.020497793643314832,0,ACET
18-09-2018,0.017934002532915105,1,ACET
19-09-2018,-0.009161417953632234,0,ACET
20-09-2018,0.07539116345245511,1,ACET
21-09-2018,-0.005290982407123113,0,ACET
24-09-2018,0.03856380704472562,0,ACET
25-09-2018,0.005761888640142265,0,ACET
26-09-2018,0.005728810097524795,1,ACET
27-09-2018,-0.036708839191744946,1,ACET
28-09-2018,-0.0052562188265584675,1,ACET
01-10-2018,-0.07859975058690838,1,ACET
02-10-2018,-0.04301079889408532,0,ACET
03-10-2018,0.017228471513415666,0,ACET
04-10-2018,0.06553759222530475,1,ACET
05-10-2018,-0.0663441717836235,1,ACET
08-10-2018,-0.05329386625559207,1,ACET
09-10-2018,-0.02658323786293093,1,ACET
10-10-2018,-0.08273091174108205,1,ACET
11-10-2018,-0.028021083622131737,0,ACET
12-10-2018,0.02252252340712091,1,ACET
15-10-2018,-0.006167374230218514,0,ACET
16-10-2018,0.1046099573455388,0,ACET
17-10-2018,0.01685394634406623,1,ACET
18-10-2018,-0.04498822170853012,1,ACET
19-10-2018,-0.01570241144722684,1,ACET
22-10-2018,-0.0738875309964161,0,ACET
23-10-2018,0.04261107310631962,1,ACET
24-10-2018,-0.026086937566721646,0,ACET
25-10-2018,0.02678569430165001,0,ACET
26-10-2018,0.015652200450067877,1,ACET
29-10-2018,-0.06678080897521355,0,ACET
30-10-2018,0.024770633211723014,1,ACET
31-10-2018,-0.009847860959436128,0,ACET
01-11-2018,0.06057869481179479,1,ACET
02-11-2018,-0.027280451188879118,0,ACET
05-11-2018,0.0359333293914319,0,ACET
06-11-2018,0.01438243258557459,1,ACET
07-11-2018,-0.006672197742851882,0,ACET
08-11-2018,0.0226700171210672,1,ACET
09-11-2018,-0.06732354385814521,1,ACET
12-11-2018,-0.0052816673374688206,1,ACET
13-11-2018,-0.023008846143273476,0,ACET
14-11-2018,0.06250002468101279,0,ACET
15-11-2018,0.08354646887539707,0,ACET
16-11-2018,0.03461843080584304,1,ACET
19-11-2018,-0.0463878775762776,1,ACET
20-11-2018,-0.026315762026856704,0,ACET
21-11-2018,0.030302987023513195,0,ACET
23-11-2018,0.031001628805600312,0,ACET
26-11-2018,0.038550500767771334,1,ACET
27-11-2018,-0.007423953450417686,0,ACET
28-11-2018,0.0037397811434032313,1,ACET
29-11-2018,-0.021609524446872808,1,ACET
30-11-2018,-0.005331361915352217,1,ACET
03-12-2018,-0.0015313869224732324,1,ACET
04-12-2018,-0.09279142565703224,0,ACET
06-12-2018,0.06424344706760743,1,ACET
07-12-2018,-0.042096893226996834,0,ACET
10-12-2018,0.044776105914290154,0,ACET
11-12-2018,0.0023810285842802426,0,ACET
12-12-2018,0.040380042381496395,0,ACET
13-12-2018,0.019786906157869932,1,ACET
14-12-2018,-0.08059706761221253,1,ACET
17-12-2018,-0.11931819538982502,1,ACET
18-12-2018,-0.07281104676100802,1,ACET
19-12-2018,-0.04373760169185781,1,ACET
20-12-2018,-0.06444901357157651,1,ACET
21-12-2018,-0.10777779230995788,0,ACET
24-12-2018,0.0012453246035286636,1,ACET
26-12-2018,-0.00870642989334569,0,ACET
27-12-2018,0.07402755306764153,0,ACET
28-12-2018,0.028037389127399504,1,ACET
31-12-2018,-0.020454518713381886,0,ACET
02-01-2019,0.032482583352936745,1,ACET
03-01-2019,-0.06853933402977586,0,ACET
04-01-2019,0.0591073647652649,0,ACET
07-01-2019,0.014806375869960142,1,ACET
08-01-2019,-0.04826035550875141,0,ACET
09-01-2019,0.020047146470235422,1,ACET
10-01-2019,-0.04277456953298586,1,ACET
11-01-2019,-0.018115929151935384,1,ACET
14-01-2019,-0.013530143381272342,0,ACET
15-01-2019,0.007481332173295607,0,ACET
16-01-2019,0.0012376183367150961,1,ACET
17-01-2019,-0.004944421485306827,0,ACET
18-01-2019,0.07204971576273578,1,ACET
22-01-2019,-0.0370799815283025,1,ACET
23-01-2019,-0.007220185356126341,1,ACET
24-01-2019,-0.04727271934608357,0,ACET
25-01-2019,0.05343508909938821,0,ACET
28-01-2019,0.025362340302329978,1,ACET
29-01-2019,-0.03769142969820438,0,ACET
30-01-2019,0.09057528290893524,1,ACET
31-01-2019,-0.0033669887456948544,1,ACET
01-02-2019,-0.029279274441632586,1,ACET
04-02-2019,-0.07076566866035283,1,ACET
05-02-2019,-0.027465684392887546,1,ACET
06-02-2019,-0.003851074439275126,0,ACET
07-02-2019,0.07731960210853317,0,ACET
08-02-2019,0.01315790245626225,1,ACET
11-02-2019,-0.046044855794923345,1,ACET
12-02-2019,-0.00247530411857122,0,ACET
13-02-2019,0.040942953708964946,1,ACET
14-02-2019,-0.04886768183644841,0,ACET
15-02-2019,0.005012509420649458,0,ACET
19-02-2019,0.03740652496703767,1,ACET
20-02-2019,-0.03485581276596528,0,ACET
21-02-2019,0.0,0,ACET
22-02-2019,0.0037359738105859908,1,ACET
25-02-2019,-0.006203447101736037,0,ACET
26-02-2019,0.03245942045175765,0,ACET
27-02-2019,0.03143893097275896,0,ACET
28-02-2019,0.0035169835486945633,0,ACET
01-03-2019,0.024532731402268082,0,ACET
04-03-2019,0.0,1,ACET
05-03-2019,-0.021664734151824794,1,ACET
06-03-2019,-0.05011658453889134,1,ACET
07-03-2019,-0.019631883380590742,0,ACET
08-03-2019,0.02878599323380615,0,ACET
11-03-2019,0.07664233189509839,1,ACET
12-03-2019,-0.06779662164995537,0,ACET
13-03-2019,0.04363637156300726,0,ACET
14-03-2019,0.006968610681190146,0,ACET
15-03-2019,0.01038064067178901,0,ACET
18-03-2019,0.03310500308871034,1,ACET
19-03-2019,-0.22872925355615903,1,ACET
20-03-2019,-0.09312319239096722,0,ACET
21-03-2019,0.017377576932954275,0,ACET
22-03-2019,0.004658364595007347,0,ACET
25-03-2019,0.0030911765691847837,0,ACET
26-03-2019,0.05546996347866129,0,ACET
27-03-2019,0.024817489213237565,0,ACET
28-03-2019,0.0,1,ACET
29-03-2019,-0.028489982266392877,0,ACET
01-04-2019,0.01906157971130873,0,ACET
02-04-2019,0.0,1,ACET
03-04-2019,-0.0014388426028513202,1,ACET
04-04-2019,-0.0028819102319631584,0,ACET
05-04-2019,0.005780400535349228,0,ACET
08-04-2019,0.0,0,ACET
09-04-2019,0.001436775309325622,0,ACET
10-04-2019,0.07173601013166064,1,ACET
11-04-2019,-0.022757743747770398,0,ACET
12-04-2019,0.06986300981265581,1,ACET
15-04-2019,-0.08194621716269135,0,ACET
16-04-2019,0.012552322880120093,1,ACET
17-04-2019,-0.03305785744321599,1,ACET
18-04-2019,-0.04273501221417331,1,ACET
22-04-2019,-0.032738114063663004,0,ACET
23-04-2019,0.08307689624828307,0,ACET
24-04-2019,0.09090908387194263,1,ACET
25-04-2019,-0.01822915872085873,0,ACET
26-04-2019,0.030503991049410484,0,ACET
29-04-2019,0.06949804783443869,1,ACET
30-04-2019,-0.031287601033411216,1,ACET
01-05-2019,-0.0012422306427632979,0,ACET
02-05-2019,0.004975170576889676,0,ACET
03-05-2019,0.009900946693721213,1,ACET
06-05-2019,-0.0024509697525622043,1,ACET
07-05-2019,-0.017199009303429436,1,ACET
08-05-2019,-0.0012499945504325094,0,ACET
09-05-2019,0.09011265667847557,0,ACET
10-05-2019,0.009184804779101663,1,ACET
13-05-2019,-0.0807735658151536,0,ACET
14-05-2019,0.006188091683575703,1,ACET
15-05-2019,-0.024600272880558993,0,ACET
16-05-2019,0.018915566267464712,1,ACET
17-05-2019,-0.024752501624584866,0,ACET
20-05-2019,0.03045685840868617,1,ACET
21-05-2019,-0.004926086885031933,1,ACET
22-05-2019,-0.059405949942890834,1,ACET
23-05-2019,-0.021052611199678495,0,ACET
24-05-2019,0.026881675536863048,1,ACET
28-05-2019,-0.01832459892716276,0,ACET
29-05-2019,0.04666668119884676,1,ACET
30-05-2019,-0.035668772652584946,1,ACET
31-05-2019,-0.04755614980075962,1,ACET
03-06-2019,-0.03328710648983768,0,ACET
04-06-2019,0.0143472176635413,0,ACET
05-06-2019,0.05091930809456535,0,ACET
06-06-2019,0.07671605089852229,0,ACET
07-06-2019,0.09874997820172982,0,ACET
10-06-2019,0.0034130164689778475,1,ACET
11-06-2019,-0.05442177711380658,0,ACET
12-06-2019,0.06714625038070188,0,ACET
13-06-2019,0.016853920544447343,1,ACET
14-06-2019,-0.01104967585008132,0,ACET
17-06-2019,0.05586592042706107,1,ACET
18-06-2019,-0.01587306164077762,0,ACET
19-06-2019,0.09784950684928617,0,ACET
20-06-2019,0.030362363675414672,1,ACET
21-06-2019,-0.01615972910468988,1,ACET
24-06-2019,-0.02415459038942669,1,ACET
25-06-2019,-0.011881136833790329,1,ACET
26-06-2019,-0.007013997416096873,0,ACET
27-06-2019,0.03430873805948109,1,ACET
28-06-2019,-0.004878027513882888,0,ACET
01-07-2019,0.008823490755663688,1,ACET
02-07-2019,-0.0009718130780301815,0,ACET
03-07-2019,0.0,1,ACET
05-07-2019,-0.0009727584173819803,1,ACET
08-07-2019,-0.011684467172378032,1,ACET
09-07-2019,-0.04039412559196265,0,ACET
10-07-2019,0.001026689564548322,1,ACET
11-07-2019,-0.015384660099015512,0,ACET
12-07-2019,0.02604166784929851,0,ACET
15-07-2019,0.05482243039878454,1,ACET
16-07-2019,-0.012512080573451878,0,ACET
17-07-2019,0.012670616346089458,1,ACET
18-07-2019,-0.0019250242345770774,1,ACET
19-07-2019,-0.03471548106072864,0,ACET
22-07-2019,0.12087913882678047,0,ACET
23-07-2019,0.02049911626666745,1,ACET
24-07-2019,-0.059388671810487126,1,ACET
25-07-2019,-0.08170839743448322,1,ACET
26-07-2019,-0.0394338180638002,0,ACET
29-07-2019,0.10842103886425036,0,ACET
30-07-2019,0.04368472745485952,1,ACET
31-07-2019,-0.01000905550515907,1,ACET
01-08-2019,-0.020220599284103136,1,ACET
02-08-2019,-0.03189499859568845,1,ACET
05-08-2019,-0.05135657799255455,1,ACET
06-08-2019,-0.0010214460246767976,0,ACET
07-08-2019,0.013292487208282466,1,ACET
08-08-2019,-0.0020181545928413813,1,ACET
09-08-2019,-0.03134487495474769,1,ACET
12-08-2019,-0.032359055292975114,0,ACET
13-08-2019,0.051779945168061836,1,ACET
14-08-2019,-0.042051322294242244,0,ACET
15-08-2019,0.05460385201587914,0,ACET
16-08-2019,0.01624369537569037,0,ACET
19-08-2019,0.008990969832478823,0,ACET
20-08-2019,0.0,0,ACET
21-08-2019,0.06930695526714215,1,ACET
22-08-2019,-0.016666695260077136,1,ACET
23-08-2019,-0.058380367926902266,1,ACET
26-08-2019,-0.008999960763113823,1,ACET
27-08-2019,-0.031281616151395686,0,ACET
28-08-2019,0.007291748741320214,0,ACET
29-08-2019,0.0031023648529844294,1,ACET
30-08-2019,-0.008247498901378436,1,ACET
03-09-2019,-0.027027023964956043,0,ACET
04-09-2019,0.034188119779171355,0,ACET
05-09-2019,0.02995865872636183,1,ACET
06-09-2019,-0.01604818357772575,0,ACET
09-09-2019,0.00815501970177035,0,ACET
10-09-2019,0.004044471554526252,0,ACET
11-09-2019,0.00402817969632796,0,ACET
12-09-2019,0.017051188218876856,0,ACET
13-09-2019,0.011834267373397767,0,ACET
16-09-2019,0.01754388946789809,1,ACET
17-09-2019,-0.034482816219499335,1,ACET
18-09-2019,-0.0396824761797665,0,ACET
19-09-2019,0.009297479834067479,1,ACET
20-09-2019,-0.009211833002491954,1,ACET
23-09-2019,-0.028925605411465383,1,ACET
24-09-2019,-0.03723411039524671,0,ACET
25-09-2019,0.016574634207556338,1,ACET
26-09-2019,-0.017391346584548772,1,ACET
27-09-2019,-0.03761057679091839,0,ACET
30-09-2019,0.01609194610315212,1,ACET
01-10-2019,-0.052036217923762895,1,ACET
02-10-2019,-0.023866374523024647,0,ACET
03-10-2019,0.025672393709280206,1,ACET
04-10-2019,-0.02145408362598511,1,ACET
07-10-2019,-0.002436042921084902,1,ACET
08-10-2019,-0.054945079805886254,1,ACET
09-10-2019,-0.08139534556242567,0,ACET
10-10-2019,0.02953588923413042,1,ACET
11-10-2019,-0.005464531319713251,1,ACET
14-10-2019,-0.038461521186915815,1,ACET
15-10-2019,-0.012857164655412978,0,ACET
16-10-2019,0.0014471717256556715,1,ACET
17-10-2019,-0.010115563122649496,0,ACET
18-10-2019,0.020437946332500845,0,ACET
21-10-2019,0.011444949311226083,1,ACET
22-10-2019,-0.04950496423210782,0,ACET
23-10-2019,0.04761900127918861,1,ACET
24-10-2019,-0.03124994194352637,0,ACET
25-10-2019,0.001466269215817606,0,ACET
28-10-2019,0.020497793643315054,0,ACET
29-10-2019,0.008608283686497131,0,ACET
30-10-2019,0.01564723576689997,0,ACET
31-10-2019,0.015406171765027121,0,ACET
01-11-2019,0.08275863572294484,0,ACET
04-11-2019,0.038216532210449294,1,ACET
05-11-2019,-0.0711656023293391,0,ACET
06-11-2019,0.01981504441973292,0,ACET
07-11-2019,0.062176176044181686,0,ACET
08-11-2019,0.060975608135167336,0,ACET
11-11-2019,0.020689627092994156,0,ACET
12-11-2019,0.04391891166244877,1,ACET
13-11-2019,-0.09277239196158804,1,ACET
14-11-2019,-0.0546967464655731,1,ACET
15-11-2019,-0.8628930834639288,0,ACET
18-11-2019,0.04587154644600089,1,ACET
19-11-2019,-0.026315794191107633,1,ACET
20-11-2019,-0.036036063126857476,0,ACET
21-11-2019,0.009345817596857708,0,ACET
22-11-2019,0.12037041417155003,0,ACET
25-11-2019,0.057851210822930765,1,ACET
26-11-2019,-0.03906254240843854,1,ACET
27-11-2019,-0.016260092361312095,1,ACET
29-11-2019,-0.00826453911353775,0,ACET
02-12-2019,0.04166671397194244,1,ACET
03-12-2019,-0.048000008719307985,1,ACET
04-12-2019,-0.00840332478575534,0,ACET
05-12-2019,0.025423732727353654,0,ACET
06-12-2019,0.049586784303759845,0,ACET
09-12-2019,0.015747962231923873,1,ACET
10-12-2019,-0.038759627701588806,0,ACET
11-12-2019,0.008064480686997166,1,ACET
12-12-2019,-0.007999965122767905,1,ACET
13-12-2019,-0.008064590557306128,1,ACET
16-12-2019,-0.052845521701408216,1,ACET
17-12-2019,-0.021459193087422168,0,ACET
18-12-2019,0.035087745506153345,0,ACET
19-12-2019,0.05084746545470753,0,ACET
20-12-2019,0.0483871038626007,0,ACET
23-12-2019,0.06153840027113677,0,ACET
24-12-2019,0.014492789392771988,1,ACET
26-12-2019,-0.04999997567157399,1,ACET
27-12-2019,-0.007518866309719985,0,ACET
30-12-2019,0.015151552682972858,0,ACET
31-12-2019,0.11194031747593902,1,ACET
02-01-2020,-0.053691313828514775,0,ACET
03-01-2020,0.03546103196838102,0,ACET
06-01-2020,0.0,1,ACET
07-01-2020,-0.006849378343400714,1,ACET
08-01-2020,-0.027586181625072204,0,ACET
09-01-2020,0.04964536745690218,0,ACET
10-01-2020,0.14864864989261473,1,ACET
13-01-2020,-0.07647057786414435,1,ACET
14-01-2020,-0.05095536647908483,0,ACET
15-01-2020,0.020134231256231594,1,ACET
16-01-2020,-0.013157926579449142,1,ACET
17-01-2020,-0.026666641235351562,0,ACET
21-01-2020,0.02054794840118168,1,ACET
22-01-2020,-0.006711471375872913,1,ACET
23-01-2020,-0.013513455047096001,1,ACET
24-01-2020,-0.0342466117734731,1,ACET
27-01-2020,-0.02836876760058149,0,ACET
28-01-2020,0.029197051982906563,1,ACET
29-01-2020,-0.0638297995689624,1,ACET
30-01-2020,-0.030303002154437042,0,ACET
31-01-2020,0.07812497838001176,0,ACET
03-02-2020,0.014492789392771988,1,ACET
04-02-2020,-0.035714323944669335,0,ACET
05-02-2020,0.014814851444281851,0,ACET
06-02-2020,0.018248194781064653,0,ACET
07-02-2020,0.0035842136386654566,1,ACET
10-02-2020,-0.01428574904060853,0,ACET
11-02-2020,0.007246345334360527,0,ACET
12-02-2020,0.007194311592171543,1,ACET
13-02-2020,-0.01428574904060853,1,ACET
14-02-2020,-0.021739134727132625,1,ACET
18-02-2020,-0.014814750526362608,0,ACET
19-02-2020,0.10526310398132899,1,ACET
20-02-2020,-0.006802691456143872,0,ACET
21-02-2020,0.041095896802363585,1,ACET
24-02-2020,-0.006579008105245365,1,ACET
25-02-2020,-0.026490041727087243,1,ACET
26-02-2020,-0.013605475592008087,1,ACET
27-02-2020,-0.06206888516689657,0,ACET
28-02-2020,0.02205872629989214,0,ACET
02-03-2020,0.021582738748896935,0,ACET
03-03-2020,0.007042319059719304,0,ACET
04-03-2020,0.006992976346019475,1,ACET
05-03-2020,-0.041666674550879135,1,ACET
06-03-2020,-0.021739134727132625,1,ACET
09-03-2020,-0.06666668012238919,1,ACET
10-03-2020,-0.015872947221369227,1,ACET
11-03-2020,-0.05645169441990672,1,ACET
12-03-2020,-0.0940170382833303,0,ACET
13-03-2020,0.009433921038338067,1,ACET
16-03-2020,-0.10280373891273997,0,ACET
17-03-2020,0.010416692536739047,1,ACET
18-03-2020,-0.09896906260836813,0,ACET
19-03-2020,0.09382149050035626,0,ACET
20-03-2020,0.014644359066935397,0,ACET
23-03-2020,0.0,0,ACET
24-03-2020,0.0824742188403067,0,ACET
25-03-2020,0.03809526713488398,1,ACET
26-03-2020,-0.03669727465382433,1,ACET
27-03-2020,-0.009523768126867505,0,ACET
30-03-2020,0.04807690859143299,1,ACET
31-03-2020,-0.05504588073321681,1,ACET
01-04-2020,-0.01941745710747278,0,ACET
02-04-2020,0.049504935804028705,1,ACET
03-04-2020,-0.028301891642548482,0,ACET
06-04-2020,0.02912621872897314,1,ACET
07-04-2020,-0.037735876944653746,0,ACET
08-04-2020,0.07843136600157674,0,ACET
09-04-2020,0.0,0,ACET
13-04-2020,0.03181822967079029,0,ACET
14-04-2020,0.05726865160957595,1,ACET
15-04-2020,-0.03333330305795679,1,ACET
16-04-2020,-0.0086206521934451,0,ACET
17-04-2020,0.02608696064239502,0,ACET
20-04-2020,0.016949078180278576,1,ACET
21-04-2020,-0.04166660043928061,0,ACET
22-04-2020,0.0,0,ACET
23-04-2020,0.017391228115692492,1,ACET
24-04-2020,-0.017093943445829263,0,ACET
27-04-2020,0.07826088192718506,1,ACET
28-04-2020,-0.016129071244303184,0,ACET
29-04-2020,0.26229505633769623,1,ACET
30-04-2020,-0.006493478344913206,1,ACET
01-05-2020,-0.019607846629224324,0,ACET
04-05-2020,0.013333366030738425,0,ACET
05-05-2020,0.12499998879611973,0,ACET
06-05-2020,0.02339179003549785,1,ACET
07-05-2020,-0.011428599454918698,0,ACET
08-05-2020,0.1040462646245488,0,ACET
11-05-2020,0.005235579313641159,0,ACET
12-05-2020,0.005208381747325852,1,ACET
13-05-2020,-0.05181345650673408,0,ACET
14-05-2020,0.049180260743930004,0,ACET
15-05-2020,0.010416692536739047,1,ACET
18-05-2020,-0.0051546167317736424,0,ACET
19-05-2020,0.015544044011045477,0,ACET
20-05-2020,0.0,0,ACET
21-05-2020,0.03571426833683855,0,ACET
22-05-2020,0.034482742421024115,0,ACET
26-05-2020,0.08571430239663558,1,ACET
27-05-2020,-0.07894738257332279,0,ACET
28-05-2020,0.05238098420098991,1,ACET
29-05-2020,-0.018099591584511687,1,ACET
01-06-2020,-0.06912437564623364,1,ACET
02-06-2020,-0.00990101413886213,0,ACET
03-06-2020,0.11499997547694618,1,ACET
04-06-2020,-0.04260089535418854,0,ACET
05-06-2020,0.021077319537631478,0,ACET
08-06-2020,0.02293574197548076,0,ACET
09-06-2020,0.07623315865188207,1,ACET
10-06-2020,-0.06249995742525183,1,ACET
11-06-2020,-0.09333335028754342,0,ACET
12-06-2020,0.02450983109345639,0,ACET
15-06-2020,0.043062208442436134,1,ACET
16-06-2020,-0.009174334287215924,0,ACET
17-06-2020,0.006944477295329321,1,ACET
18-06-2020,-0.020689689731699712,1,ACET
19-06-2020,-0.01408450974487585,0,ACET
22-06-2020,0.047619035261751375,0,ACET
23-06-2020,0.05454546580489206,1,ACET
24-06-2020,-0.08620687427718354,0,ACET
25-06-2020,0.009433921038338067,0,ACET
26-06-2020,0.01869163519371564,1,ACET
29-06-2020,-0.022935804470520127,0,ACET
30-06-2020,0.00938969448393756,1,ACET
01-07-2020,-0.041860472189811815,0,ACET
02-07-2020,0.12135922265887844,0,ACET
06-07-2020,0.07792209170914366,1,ACET
07-07-2020,-0.07228916849230826,0,ACET
08-07-2020,0.0,0,ACET
09-07-2020,0.0,0,ACET
10-07-2020,0.06060603201066517,1,ACET
13-07-2020,-0.06122444667147642,1,ACET
14-07-2020,-0.01304348032119751,0,ACET
15-07-2020,0.035242316395041495,0,ACET
16-07-2020,0.05957443749450686,0,ACET
17-07-2020,0.20080320933561246,1,ACET
20-07-2020,-0.12040135790827011,0,ACET
21-07-2020,0.06463881281481365,1,ACET
22-07-2020,-0.07678576728692799,1,ACET
23-07-2020,-0.04835590125467604,0,ACET
24-07-2020,0.020325226215212044,0,ACET
27-07-2020,0.00398404644507977,1,ACET
28-07-2020,-0.05952376833282158,0,ACET
29-07-2020,0.04641352927555942,0,ACET
30-07-2020,0.09677420772520118,1,ACET
31-07-2020,-0.08455885151972808,0,ACET
03-08-2020,0.020080342819374097,0,ACET
04-08-2020,0.019684952789905008,0,ACET
05-08-2020,0.0,1,ACET
06-08-2020,-0.030888002860707475,1,ACET
07-08-2020,-0.02390438722760302,0,ACET
10-08-2020,0.057142831722133414,1,ACET
11-08-2020,-0.08108104696086127,1,ACET
12-08-2020,-0.029411751236857242,1,ACET
13-08-2020,-0.01298701528485724,0,ACET
14-08-2020,0.013157897095553706,1,ACET
17-08-2020,-0.02597403056971459,1,ACET
18-08-2020,-0.008888910687159024,1,ACET
19-08-2020,-0.026905835075677786,0,ACET
20-08-2020,0.04608300080820604,1,ACET
21-08-2020,-0.035242316395041384,1,ACET
24-08-2020,-0.05022827840322708,1,ACET
25-08-2020,-0.014423079127390492,0,ACET
26-08-2020,0.048780473216506026,1,ACET
27-08-2020,-0.04651161464410292,0,ACET
28-08-2020,0.0,0,ACET
31-08-2020,0.11219509504377778,1,ACET
01-09-2020,-0.06578948547776897,0,ACET
02-09-2020,0.01877932500581414,1,ACET
03-09-2020,-0.0414746002745251,1,ACET
04-09-2020,-0.038461566172910966,1,ACET
08-09-2020,-0.015000002724783745,0,ACET
09-09-2020,0.06091371681737234,0,ACET
10-09-2020,0.009569401382612641,0,ACET
11-09-2020,0.018957327304889304,0,ACET
14-09-2020,0.10232557756385208,1,ACET
15-09-2020,-0.03797469009321519,1,ACET
16-09-2020,-0.035087745506153456,0,ACET
17-09-2020,0.04610396164990638,0,ACET
18-09-2020,0.3283673996126104,1,ACET
21-09-2020,-0.37009346810623367,1,ACET
22-09-2020,-0.2451780017607602,0,ACET
23-09-2020,0.10761673184300213,1,ACET
24-09-2020,-0.06388644523371023,0,ACET
25-09-2020,0.0502369406056169,1,ACET
28-09-2020,-0.04602890184057418,0,ACET
29-09-2020,0.18543047253887046,1,ACET
30-09-2020,-0.05107736658320561,0,ACET
01-10-2020,0.030277514405574912,1,ACET
02-10-2020,-0.029387727075693593,0,ACET
05-10-2020,0.011774548831452236,0,ACET
06-10-2020,0.009143858087550694,0,ACET
07-10-2020,0.04283356584708553,1,ACET
08-10-2020,-0.0015797396785469653,0,ACET
09-10-2020,0.08544302961799999,1,ACET
12-10-2020,-0.004373208341758472,0,ACET
13-10-2020,0.024890201785200183,1,ACET
14-10-2020,-0.03499998365129742,1,ACET
15-10-2020,-0.03478906432762574,0,ACET
16-10-2020,0.03680985408856041,1,ACET
19-10-2020,-0.012573969714351874,1,ACET
20-10-2020,-0.012734087748035972,1,ACET
21-10-2020,-0.006069796802253169,1,ACET
22-10-2020,-0.018320665481198706,1,ACET
23-10-2020,-0.028771376005983673,1,ACET
26-10-2020,-0.040832685206380726,0,ACET
27-10-2020,0.02086811431992186,1,ACET
28-10-2020,-0.07849543094072065,0,ACET
29-10-2020,0.03549242256283325,1,ACET
30-10-2020,-0.08140529589155132,1,ACET
02-11-2020,-0.03358214565150763,0,ACET
03-11-2020,0.03861009512165192,0,ACET
04-11-2020,0.045539011217017755,0,ACET
05-11-2020,0.059555562337239465,1,ACET
06-11-2020,-0.0008389453706231231,1,ACET
09-11-2020,-0.07220820047819843,0,ACET
10-11-2020,0.11131217384662584,1,ACET
11-11-2020,-0.026058607637020947,0,ACET
12-11-2020,0.04347821926678863,0,ACET
13-11-2020,0.06570518257820357,1,ACET
16-11-2020,-0.05488725454449095,0,ACET
17-11-2020,0.05648369573464018,1,ACET
18-11-2020,-0.05421681685481505,1,ACET
19-11-2020,-0.02468156124680765,0,ACET
20-11-2020,0.044897974753866476,1,ACET
23-11-2020,-0.010937526659108299,0,ACET
24-11-2020,0.0,1,ACET
25-11-2020,-0.039494471250108854,0,ACET
27-11-2020,0.022203985292083006,1,ACET
30-11-2020,-0.00804508278475935,1,ACET
01-12-2020,-0.026763984245578798,0,ACET
02-12-2020,0.004166682561238533,0,ACET
03-12-2020,0.11120333040477504,0,ACET
04-12-2020,0.027632552357893747,1,ACET
07-12-2020,-0.052325599931135836,0,ACET
08-12-2020,0.023773038383709366,1,ACET
09-12-2020,-0.03595509229924099,1,ACET
10-12-2020,-0.020202038165794578,1,ACET
11-12-2020,-0.003965046663111593,0,ACET
14-12-2020,0.03343941947355811,0,ACET
15-12-2020,0.020030834980834022,0,ACET
16-12-2020,0.053625381451725795,0,ACET
17-12-2020,0.058781409298222176,1,ACET
18-12-2020,-0.0196344554190524,1,ACET
21-12-2020,-0.0393646210527564,0,ACET
22-12-2020,0.04960463994440589,1,ACET
23-12-2020,-0.01986301056684192,0,ACET
24-12-2020,0.002795245330544871,1,ACET
28-12-2020,-0.0006968800429267841,1,ACET
29-12-2020,-0.047419825518834724,0,ACET
30-12-2020,0.031478792824235935,1,ACET
31-12-2020,-0.0028388900936726635,1,ACET
04-01-2021,-0.04483986518778604,0,ACET
05-01-2021,0.009687042749765729,0,ACET
06-01-2021,0.03468636608213349,0,ACET
07-01-2021,0.0028530642330242273,1,ACET
08-01-2021,-0.024182086944572023,0,ACET
11-01-2021,0.0036443286998339985,1,ACET
12-01-2021,-0.018881642718845737,1,ACET
13-01-2021,-0.017764601558265647,0,ACET
14-01-2021,0.011303663402853381,1,ACET
15-01-2021,-0.023844984575632444,0,ACET
19-01-2021,0.029770944907764996,0,ACET
20-01-2021,0.0704225222671293,0,ACET
21-01-2021,0.004155153833813818,0,ACET
22-01-2021,0.0027586180588294873,0,ACET
25-01-2021,0.011004116081972715,1,ACET
26-01-2021,-0.052380919325185404,1,ACET
27-01-2021,-0.06245512322320812,1,ACET
28-01-2021,-0.04977033317918278,1,ACET
29-01-2021,-0.008863791944379806,1,ACET
01-02-2021,-0.014634170925571954,0,ACET
02-02-2021,0.006600653833452208,0,ACET
03-02-2021,0.013934432700961175,0,ACET
04-02-2021,0.013742932729725155,0,ACET
05-02-2021,0.01036683531390592,0,ACET
08-02-2021,0.10260459217890738,1,ACET
09-02-2021,-0.02004299794512887,0,ACET
10-02-2021,0.21986861028609872,0,ACET
11-02-2021,0.028143670172609436,1,ACET
12-02-2021,-0.020384413506960963,1,ACET
16-02-2021,-0.004161694179207309,1,ACET
17-02-2021,-0.03820891878498134,1,ACET
18-02-2021,-0.01924273171147539,0,ACET
19-02-2021,0.02025320535667996,0,ACET
22-02-2021,0.00992554833016479,1,ACET
23-02-2021,-0.03501232336962412,0,ACET
24-02-2021,0.043921042565744584,1,ACET
25-02-2021,-0.0396341240030178,1,ACET
26-02-2021,-0.027936481294177806,0,ACET
01-03-2021,0.01894186504929496,0,ACET
02-03-2021,0.009615359927070743,1,ACET
03-03-2021,-0.010158720470610172,1,ACET
04-03-2021,-0.11545863842958781,1,ACET
05-03-2021,-0.0065264795385682195,0,ACET
08-03-2021,0.029926996578119036,0,ACET
09-03-2021,0.04677539455318813,0,ACET
10-03-2021,0.005754846434549599,1,ACET
11-03-2021,-0.04880507910714249,0,ACET
12-03-2021,0.04458599499918292,0,ACET
15-03-2021,0.12466125501728964,1,ACET
16-03-2021,-0.04939762829245997,1,ACET
17-03-2021,-0.03738911042914195,1,ACET
18-03-2021,-0.04213294320790806,1,ACET
19-03-2021,-0.0006873009450683032,0,ACET
22-03-2021,0.011691889734522398,1,ACET
23-03-2021,-0.023113538525233124,1,ACET
24-03-2021,-0.0535838211706009,1,ACET
25-03-2021,-0.04411767387060084,0,ACET
26-03-2021,0.010769257178673275,1,ACET
29-03-2021,-0.0365297171513822,0,ACET
30-03-2021,0.028436067511102836,0,ACET
31-03-2021,0.00460825375060625,0,ACET
01-04-2021,0.00229355757998273,1,ACET
05-04-2021,-0.02593434079461654,0,ACET
06-04-2021,0.018794029954184888,1,ACET
07-04-2021,-0.010760979312817942,0,ACET
08-04-2021,0.0007770185680464614,0,ACET
09-04-2021,0.024068281303415207,1,ACET
12-04-2021,-0.02653521144276183,1,ACET
13-04-2021,-0.010124619384425548,0,ACET
14-04-2021,0.024390276843924807,1,ACET
15-04-2021,-0.005376393704870752,1,ACET
16-04-2021,-0.05482625857947887,1,ACET
19-04-2021,-0.00326797080073582,1,ACET
20-04-2021,-0.009016365442375496,0,ACET
21-04-2021,0.0570719248697118,0,ACET
22-04-2021,0.025821590813862594,0,ACET
23-04-2021,0.08237985903805756,0,ACET
26-04-2021,0.10570824836905901,1,ACET
27-04-2021,-0.036328853414175466,1,ACET
28-04-2021,-0.011904782178450812,0,ACET
29-04-2021,0.0542168970794521,0,ACET
30-04-2021,0.01142859080481129,1,ACET
03-05-2021,-0.02071562569894192,1,ACET
04-05-2021,-0.03782052167695571,1,ACET
05-05-2021,-0.0919387137506873,0,ACET
06-05-2021,0.041819493032895005,0,ACET
07-05-2021,0.0028168987598808926,1,ACET
10-05-2021,-0.0589887757085219,1,ACET
11-05-2021,-0.014925359325276721,1,ACET
12-05-2021,-0.0007575931080556764,1,ACET
13-05-2021,-0.017437418465000798,0,ACET
14-05-2021,0.03549382999945894,1,ACET
17-05-2021,-0.017883738431724527,0,ACET
18-05-2021,0.03338388241239376,0,ACET
19-05-2021,0.008076333157232662,0,ACET
20-05-2021,0.06336495762851979,1,ACET
21-05-2021,-0.009589064360603916,1,ACET
24-05-2021,-0.013139666658510518,1,ACET
25-05-2021,-0.026629299386895067,1,ACET
26-05-2021,-0.010079218132637124,1,ACET
27-05-2021,-0.04581819014115762,0,ACET
28-05-2021,0.022865868395705258,1,ACET
01-06-2021,-0.0767510974005623,0,ACET
02-06-2021,0.006456813679522444,1,ACET
03-06-2021,-0.018444305612308254,0,ACET
04-06-2021,0.0024510365364791564,1,ACET
07-06-2021,-0.06193970664450599,0,ACET
08-06-2021,0.04257165607074587,0,ACET
09-06-2021,0.023333311080932617,1,ACET
10-06-2021,-0.030130284495499704,1,ACET
11-06-2021,-0.01343407636120797,0,ACET
14-06-2021,0.0017021666181848971,1,ACET
15-06-2021,-0.0679694273254825,1,ACET
16-06-2021,-0.05195994846159835,0,ACET
17-06-2021,0.008653861143180563,0,ACET
18-06-2021,0.004766462519143921,1,ACET
21-06-2021,-0.02466795349362838,1,ACET
22-06-2021,-0.08171207922250678,1,ACET
23-06-2021,-0.02648305202465373,0,ACET
24-06-2021,0.05875951975076199,1,ACET
25-06-2021,-0.003083220388754082,0,ACET
28-06-2021,0.030927855323080733,0,ACET
29-06-2021,0.011999988555908114,0,ACET
30-06-2021,0.01679842670122267,1,ACET
01-07-2021,-0.057337235643841855,0,ACET
02-07-2021,0.023711391797240466,1,ACET
06-07-2021,-0.03524676442228236,1,ACET
07-07-2021,-0.040709848270216176,1,ACET
08-07-2021,-0.007616942113211622,0,ACET
09-07-2021,0.014254398692127745,1,ACET
12-07-2021,-0.027027027027026973,1,ACET
13-07-2021,-0.05555555555555558,1,ACET
14-07-2021,-0.04470589581657858,1,ACET
15-07-2021,-0.01724136311067892,1,ACET
16-07-2021,-0.022556369412079502,0,ACET
19-07-2021,0.028205161749884633,0,ACET
20-07-2021,0.04738143878766832,1,ACET
21-07-2021,-0.04523799738375334,0,ACET
22-07-2021,0.022443808133105314,1,ACET
23-07-2021,-0.008536548347858108,1,ACET
26-07-2021,-0.06888068079911103,1,ACET
27-07-2021,-0.010568084376364695,0,ACET
28-07-2021,0.010680961680626266,1,ACET
29-07-2021,-0.010568084376364695,1,ACET
30-07-2021,-0.012015978438046915,1,ACET
02-08-2021,-0.005405400180747089,1,ACET
03-08-2021,-0.01222828137978793,1,ACET
04-08-2021,-0.0027510290204931787,1,ACET
05-08-2021,-0.0179310502677128,1,ACET
06-08-2021,-0.0182584433329257,0,ACET
09-08-2021,0.0014306479555485918,0,ACET
10-08-2021,0.017142840794154512,0,ACET
11-08-2021,0.0042135126812568036,1,ACET
12-08-2021,-0.0027972000922730222,0,ACET
13-08-2021,0.0841514579245719,1,ACET
16-08-2021,-0.08150066143420653,1,ACET
17-08-2021,-0.05211266063787778,0,ACET
18-08-2021,0.0,1,ACET
19-08-2021,-0.06537890876277197,0,ACET
20-08-2021,0.10015900131346278,0,ACET
23-08-2021,0.04768784972077467,0,ACET
24-08-2021,0.0027586180588294873,0,ACET
25-08-2021,0.009628634366578792,0,ACET
26-08-2021,0.049046273732067824,0,ACET
27-08-2021,0.048051934379774286,1,ACET
30-08-2021,-0.008674064122841774,0,ACET
31-08-2021,0.04375004768371582,1,ACET
01-09-2021,-0.007185678667734119,0,ACET
02-09-2021,0.0072376863561876,1,ACET
03-09-2021,-0.046706625809052715,1,ACET
07-09-2021,-0.01381911218432752,0,ACET
08-09-2021,0.014012756031944518,1,ACET
09-09-2021,-0.016331672590190194,1,ACET
10-09-2021,-0.028097036058146174,1,ACET
13-09-2021,-0.015768772705766376,1,ACET
14-09-2021,-0.033377838136125604,1,ACET
15-09-2021,-0.02486185552887432,1,ACET
16-09-2021,-0.002832858511134684,0,ACET
17-09-2021,0.02130683184378168,1,ACET
20-09-2021,-0.04172464372007789,0,ACET
21-09-2021,0.023222108468759606,1,ACET
22-09-2021,-0.0056737533008290875,0,ACET
23-09-2021,0.03851640115703403,0,ACET
24-09-2021,0.04395600076948947,0,ACET
27-09-2021,0.02500000784271661,0,ACET
28-09-2021,0.07317069289030287,1,ACET
29-09-2021,-0.03827747702939566,1,ACET
30-09-2021,-0.02487559828533148,0,ACET
01-10-2021,0.0369897903327594,0,ACET
04-10-2021,0.003690004003555236,1,ACET
05-10-2021,-0.08088233575413906,1,ACET
06-10-2021,-0.017333348592122433,0,ACET
07-10-2021,0.03120760144435719,1,ACET
08-10-2021,-0.030263160784158694,0,ACET
11-10-2021,0.005427403320779511,1,ACET
12-10-2021,-0.004048547043043249,0,ACET
13-10-2021,0.086720912384598,1,ACET
14-10-2021,-0.006234496847642768,0,ACET
15-10-2021,0.008782957779688294,1,ACET
18-10-2021,-0.023631848025117197,0,ACET
19-10-2021,0.11337578054750996,1,ACET
20-10-2021,-0.035469047375355056,0,ACET
21-10-2021,0.014234861354086359,1,ACET
22-10-2021,-0.05263155546508358,1,ACET
25-10-2021,-0.02716052551455439,0,ACET
26-10-2021,0.04060909773818233,0,ACET
27-10-2021,0.062195151310319385,1,ACET
28-10-2021,-0.0022962637974829336,1,ACET
29-10-2021,-0.010356640190954391,0,ACET
01-11-2021,0.061627873193258464,0,ACET
02-11-2021,0.013143470323650819,0,ACET
03-11-2021,0.006486531850453892,1,ACET
04-11-2021,-0.008593004701890727,1,ACET
05-11-2021,-0.0032502420865692105,0,ACET
08-11-2021,0.01304346609205731,1,ACET
09-11-2021,-0.0042918415410724275,1,ACET
10-11-2021,-0.009698292583794621,0,ACET
11-11-2021,0.04243747128729347,0,ACET
12-11-2021,0.017745310819186066,1,ACET
15-11-2021,-0.04102560190054072,0,ACET
16-11-2021,0.0021389843073149617,0,ACET
17-11-2021,0.002134520598500389,0,ACET
18-11-2021,0.0,1,ACET
19-11-2021,-0.008519693373913784,0,ACET
22-11-2021,0.002148174348866494,0,ACET
23-11-2021,0.019292637368455656,0,ACET
24-11-2021,0.03575185535278047,1,ACET
26-11-2021,-0.04568535487430225,0,ACET
29-11-2021,0.012766047245027723,0,ACET
30-11-2021,0.1176470411454349,1,ACET
01-12-2021,-0.043233084896999285,0,ACET
02-12-2021,0.01669941760291671,1,ACET
03-12-2021,-0.05314011308826283,0,ACET
06-12-2021,0.3846938194606975,0,ACET
07-12-2021,0.06779661731642062,0,ACET
08-12-2021,0.055210504028401886,1,ACET
09-12-2021,-0.1013734594245882,0,ACET
10-12-2021,0.010917072394709626,0,ACET
13-12-2021,0.07919362135395525,1,ACET
14-12-2021,-0.04803197627405864,0,ACET
15-12-2021,0.025227725657246625,1,ACET
16-12-2021,-0.02665757623185483,0,ACET
17-12-2021,0.11306184243183748,1,ACET
20-12-2021,-0.049211398603965284,0,ACET
21-12-2021,0.09555411832902583,1,ACET
22-12-2021,-0.051483971513384685,0,ACET
23-12-2021,0.01660282448373085,1,ACET
27-12-2021,-0.02575375913613387,1,ACET
28-12-2021,-0.0045132590242122905,0,ACET
29-12-2021,0.04080311732918318,0,ACET
30-12-2021,0.02924712069873281,0,ACET
31-12-2021,0.05743644516361446,0,ACET
03-01-2022,0.048027453606661163,1,ACET
04-01-2022,-0.07310420939254225,1,ACET
05-01-2022,-0.0005885949980314331,1,ACET
06-01-2022,-0.05712599172583599,1,ACET
07-01-2022,-0.030605856596692016,1,ACET
10-01-2022,-0.04896908546814227,0,ACET
11-01-2022,0.03861786490415264,1,ACET
12-01-2022,-0.02674493473271944,1,ACET
13-01-2022,-0.046916877056679684,0,ACET
14-01-2022,0.02390999621682366,1,ACET
18-01-2022,-0.09684071156939889,1,ACET
19-01-2022,-0.01749045999303489,1,ACET
20-01-2022,-0.017801895863193917,1,ACET
21-01-2022,-0.05988962177606039,0,ACET
24-01-2022,0.08885158749597921,1,ACET
25-01-2022,-0.02309470331184149,1,ACET
26-01-2022,-0.058313616673564383,1,ACET
27-01-2022,-0.03514645046005005,0,ACET
28-01-2022,0.013876830105604698,0,ACET
31-01-2022,0.07955520432493368,0,ACET
01-02-2022,0.04120447404747618,1,ACET
02-02-2022,-0.04718416052965646,1,ACET
03-02-2022,-0.03115018602742259,0,ACET
04-02-2022,0.03957127268819094,0,ACET
07-02-2022,0.03013482353583563,0,ACET
08-02-2022,0.04618940662368298,0,ACET
09-02-2022,0.1074319368472525,0,ACET
10-02-2022,0.030564786200478533,0,ACET
11-02-2022,0.007736936414457718,1,ACET
14-02-2022,-0.0870121335073255,0,ACET
15-02-2022,0.057463186301307534,1,ACET
16-02-2022,-0.014579209065884502,1,ACET
17-02-2022,-0.01412239675609639,1,ACET
18-02-2022,-0.07094133510762723,1,ACET
22-02-2022,-0.06901612248763367,1,ACET
23-02-2022,-0.043375408320010855,0,ACET
24-02-2022,0.09892826034160729,0,ACET
25-02-2022,0.030757678151442702,1,ACET
28-02-2022,-0.048034924192607686,1,ACET
01-03-2022,-0.05122324772186315,0,ACET
02-03-2022,0.013698636453198576,1,ACET
03-03-2022,-0.02146259981930232,0,ACET
04-03-2022,0.02030869142795555,0,ACET
07-03-2022,0.0,0,ACET
08-03-2022,0.040605036478421175,0,ACET
09-03-2022,0.09563886986891101,1,ACET
10-03-2022,-0.014664807445692651,1,ACET
11-03-2022,-0.0708717239072909,1,ACET
14-03-2022,-0.06254765189155231,0,ACET
15-03-2022,0.05532956121126409,0,ACET
16-03-2022,0.22898991921415468,0,ACET
17-03-2022,0.018820589625614614,1,ACET
18-03-2022,-0.0086206521934451,1,ACET
21-03-2022,-0.06086959457706442,0,ACET
22-03-2022,0.10846563199309922,1,ACET
23-03-2022,-0.01193321958282556,0,ACET
24-03-2022,0.03200487341412761,0,ACET
25-03-2022,0.006436548236946837,1,ACET
28-03-2022,-0.008721018559610272,0,ACET
29-03-2022,0.1120234564738547,0,ACET
30-03-2022,0.03217302952567769,0,ACET
31-03-2022,0.020439428961057438,0,ACET
01-04-2022,0.04206310372911015,1,ACET
04-04-2022,-0.0485343707257081,1,ACET
05-04-2022,-0.029292926568423416,0,ACET
06-04-2022,0.008324654169000745,1,ACET
07-04-2022,-0.02012380838684258,1,ACET
08-04-2022,-0.039494471250108854,1,ACET
11-04-2022,-0.036184202614803485,1,ACET
12-04-2022,-0.020477850507047646,0,ACET
13-04-2022,0.013937269494084026,1,ACET
14-04-2022,-0.031500530693020834,1,ACET
18-04-2022,-0.05972798568868154,0,ACET
19-04-2022,0.0,1,ACET
20-04-2022,-0.03522009304262774,1,ACET
21-04-2022,-0.09713166599068102,0,ACET
22-04-2022,0.005776167617517647,0,ACET
25-04-2022,0.04307246336329795,1,ACET
26-04-2022,-0.05574669517056818,0,ACET
27-04-2022,0.0677842079738431,0,ACET
28-04-2022,0.0,0,ACET
29-04-2022,0.006143355285419538,0,ACET
02-05-2022,0.037313446355171864,0,ACET
03-05-2022,0.017658630375231965,0,ACET
04-05-2022,0.007712074699419258,1,ACET
05-05-2022,-0.021683682778734337,1,ACET
06-05-2022,-0.022164286128154465,1,ACET
09-05-2022,-0.16466668446858723,1,ACET
10-05-2022,-0.027932915822370674,1,ACET
11-05-2022,-0.10591132426366623,1,ACET
12-05-2022,-0.023875135049123863,0,ACET
13-05-2022,0.11288803352268384,0,ACET
16-05-2022,0.09044798831148348,1,ACET
17-05-2022,-0.04496123572537991,1,ACET
18-05-2022,-0.12418829309013413,1,ACET
19-05-2022,-0.03243747754468196,0,ACET
20-05-2022,0.016283532866550487,0,ACET
23-05-2022,0.017907685222029457,1,ACET
24-05-2022,-0.020370394735505726,1,ACET
25-05-2022,-0.02646500330721291,1,ACET
26-05-2022,-0.0038834913701272233,0,ACET
27-05-2022,0.14522414599210487,0,ACET
31-05-2022,0.005957420836103955,1,ACET
01-06-2022,-0.04483923406557033,0,ACET
02-06-2022,0.01771477501690888,0,ACET
03-06-2022,0.0008703419565745385,0,ACET
06-06-2022,0.06608697642450756,0,ACET
07-06-2022,0.07748774808561154,1,ACET
08-06-2022,-0.03103708147071449,1,ACET
09-06-2022,-0.02421878242166664,1,ACET
10-06-2022,-0.04483582675776554,1,ACET
13-06-2022,-0.04861692446515875,1,ACET
14-06-2022,-0.005286380405295721,0,ACET
15-06-2022,0.00620015013824049,1,ACET
16-06-2022,-0.04665490748141554,0,ACET
17-06-2022,0.08217916432063932,0,ACET
21-06-2022,0.023890761654579373,1,ACET
22-06-2022,-0.010833342870076534,0,ACET
23-06-2022,0.012636948075044119,0,ACET
24-06-2022,0.13394339395697386,0,ACET
27-06-2022,0.0535582931846712,1,ACET
28-06-2022,-0.025069614574109722,0,ACET
29-06-2022,0.04142856597900413,0,ACET
30-06-2022,0.0013717735163463196,0,ACET
01-07-2022,0.005479446686014189,0,ACET
05-07-2022,0.06607624613008323,0,ACET
06-07-2022,0.049840300681027294,0,ACET
07-07-2022,0.07608033942678771,0,ACET
08-07-2022,0.0520362025120904,1,ACET
11-07-2022,-0.10322580843636686,0,ACET
12-07-2022,0.02577939432305354,0,ACET
13-07-2022,0.02571587440171008,1,ACET
14-07-2022,-0.011965760319191276,0,ACET
15-07-2022,0.04901962941118376,1,ACET
18-07-2022,-0.07971416824450217,0,ACET
19-07-2022,0.03464754669272696,0,ACET
20-07-2022,0.023094666603822533,1,ACET
21-07-2022,-0.028216705382329232,1,ACET
22-07-2022,-0.009872246403756058,1,ACET
25-07-2022,-0.022287341804721028,0,ACET
26-07-2022,0.00959807118655287,0,ACET
27-07-2022,0.021390410694207995,1,ACET
28-07-2022,-0.026178054040655208,0,ACET
29-07-2022,0.008960550811301093,1,ACET
01-08-2022,-0.023090550843208435,0,ACET
02-08-2022,0.04303024754379736,0,ACET
03-08-2022,0.01685072230997342,0,ACET
04-08-2022,0.04285714285714293,0,ACET
05-08-2022,0.026849302527022667,1,ACET
08-08-2022,-0.03148346637107169,1,ACET
09-08-2022,-0.0506887105030388,1,ACET
10-08-2022,-0.037724877295377324,1,ACET
11-08-2022,-0.05488539515075597,1,ACET
12-08-2022,-0.01723040564448608,1,ACET
15-08-2022,-0.0038960693135463575,1,ACET
16-08-2022,-0.08670142832310734,0,ACET
17-08-2022,0.007851509984309724,0,ACET
18-08-2022,0.04036825066883831,1,ACET
19-08-2022,-0.026548631775948683,1,ACET
22-08-2022,-0.018181833945029813,0,ACET
23-08-2022,0.03561253570929557,0,ACET
24-08-2022,0.03782669822406026,1,ACET
25-08-2022,-0.003976170908547627,1,ACET
26-08-2022,-0.04524280529491653,1,ACET
29-08-2022,-0.0034843337564945953,1,ACET
30-08-2022,-0.0461538348677597,0,ACET
31-08-2022,0.03812312983876964,0,ACET
01-09-2022,0.002118625232660154,0,ACET
02-09-2022,0.00845671901211964,1,ACET
06-09-2022,-0.0062893186547021696,0,ACET
07-09-2022,0.035864927259532386,0,ACET
08-09-2022,0.08418199343706312,0,ACET
09-09-2022,0.026299255829490997,0,ACET
12-09-2022,0.08297746558858998,1,ACET
13-09-2022,-0.011267648616307246,0,ACET
14-09-2022,0.006267841318150724,1,ACET
15-09-2022,-0.030011364169019172,1,ACET
16-09-2022,-0.07997659071825991,1,ACET
19-09-2022,-0.10596447030714484,0,ACET
20-09-2022,0.051100089370585744,1,ACET
21-09-2022,-0.03511144112291187,1,ACET
22-09-2022,-0.04408678209396044,0,ACET
23-09-2022,0.017569529560692576,1,ACET
26-09-2022,-0.007913644582450363,1,ACET
27-09-2022,-0.002900649888591622,0,ACET
28-09-2022,0.05963634144176155,1,ACET
29-09-2022,-0.07824292474442596,0,ACET
30-09-2022,0.05882352523466228,0,ACET
03-10-2022,0.05766523765301956,0,ACET
04-10-2022,0.013962768529229397,1,ACET
05-10-2022,-0.0032787010317942844,0,ACET
06-10-2022,0.03289473725487979,1,ACET
07-10-2022,-0.05095542678049947,1,ACET
10-10-2022,-0.021476490135358794,0,ACET
11-10-2022,0.05555558462656052,0,ACET
12-10-2022,0.034437928599601264,0,ACET
13-10-2022,0.05527632892897949,1,ACET
14-10-2022,-0.01130944257960742,1,ACET
17-10-2022,-0.01926548362826619,0,ACET
18-10-2022,0.03314910852239383,1,ACET
19-10-2022,-0.042186517391041733,0,ACET
20-10-2022,0.02419350926454311,0,ACET
21-10-2022,0.049666849391664325,1,ACET
24-10-2022,-0.0813617918995686,0,ACET
25-10-2022,0.022613103556929692,0,ACET
26-10-2022,0.03869773551566191,1,ACET
27-10-2022,-0.04198693618446803,0,ACET
28-10-2022,0.06111109410457405,1,ACET
31-10-2022,-0.040721392739492934,0,ACET
01-11-2022,0.030321407334143125,0,ACET
02-11-2022,0.0158917281577986,0,ACET
03-11-2022,0.05156427449862755,1,ACET
04-11-2022,-0.015426930313045872,0,ACET
07-11-2022,0.07218796573005926,0,ACET
08-11-2022,0.006263091867905635,0,ACET
09-11-2022,0.012448120465286205,0,ACET
10-11-2022,0.06454919053962915,0,ACET
11-11-2022,0.02358035394258029,1,ACET
14-11-2022,-0.024917756240670608,1,ACET
15-11-2022,-0.019286384905717324,1,ACET
16-11-2022,-0.14110131847114282,1,ACET
17-11-2022,-0.02690322448926563,0,ACET
18-11-2022,0.03352939381318931,1,ACET
21-11-2022,-0.015367129337128471,0,ACET
22-11-2022,0.023699414190365697,1,ACET
23-11-2022,-0.028797196380453083,1,ACET
25-11-2022,-0.0029070431506559302,1,ACET
28-11-2022,-0.026239000909632937,0,ACET
29-11-2022,0.06407183508630476,0,ACET
30-11-2022,0.023072585078802277,0,ACET
01-12-2022,0.022002178867752464,0,ACET
02-12-2022,0.03659850957847288,0,ACET
05-12-2022,0.048286619632598615,1,ACET
06-12-2022,-0.026250652433192023,1,ACET
07-12-2022,-0.0015259759348094093,0,ACET
08-12-2022,0.012735609306579132,1,ACET
09-12-2022,-0.13128766665915115,1,ACET
12-12-2022,-0.36189923765695864,0,ACET
